file,mean_f_turb,rms,crest_factor,spec_entropy,sk_val,sk_int,cage_energy,cage_snr,ball_energy,ball_snr,inner_energy,inner_snr,outer_energy,outer_snr,inner_sb_ratio,outer_sb_ratio,rms_sk,snr_entropy,rms_entropy,degradation_index,predicted_rank,w_primary_rms,w_primary_sk_val,w_primary_sk_int,w_primary_inner_snr,w_primary_outer_snr,w_primary_spec_entropy,w_secondary_cage_snr,w_secondary_ball_snr,w_secondary_crest_factor,w_secondary_inner_sb_ratio,w_secondary_outer_sb_ratio,w_cross_rms_sk,w_cross_snr_entropy,w_cross_rms_entropy
file_01.csv,536.0200172019256,39.058375016614406,3.4505326531853253,0.5925843130459363,2536020.169213604,48177263020.00362,0.0,0.0,0.6301798770418152,282.64032645809505,1.6725040313706585,750.1304034779836,2.147220058966426,963.0440459198775,0.532662685824748,0.23730992287044025,1881824659136.1892,1015.2003042242816,23.145380327911006,0.0,1,0.12267777682540452,0.11629331573732751,0.17181531996639077,0.19792821334003027,0.2100448985718187,0.18124047555877343,0.545123767418248,0.05501387013718645,0.020445780036507325,0.16219949840699666,0.21721708400038592,0.21452001769394644,0.7242609803474636,0.06121900195783274
file_02.csv,536.6159249667643,36.35915571069878,3.4952753409622592,0.6304364522774991,11039033.759504497,209710648028.49857,0.0,0.0,0.716858900940814,312.25194055600053,1.321038611713059,575.4226801333455,3.3957587197874233,1479.136617431953,1.9007775544869014,0.1650253371334659,7625303475807.082,1295.2690745508173,22.92213713405811,0.429670449388949,3,0.12267777682540452,0.11629331573732751,0.17181531996639077,0.19792821334003027,0.2100448985718187,0.18124047555877343,0.545123767418248,0.05501387013718645,0.020445780036507325,0.16219949840699666,0.21721708400038592,0.21452001769394644,0.7242609803474636,0.06121900195783274
file_03.csv,536.272021144521,24.403412800438026,4.0615615249645165,0.7501905517854324,2022804.2886062139,38427602201.50148,0.0,0.0,0.5136110001972994,447.21040090105424,0.9347448934974953,813.8993097901841,0.8836728251719494,769.429934831432,0.6265251130848472,0.7240554557524188,937814002782.331,1187.7986396807019,18.307209714208287,0.859340898777898,5,0.12267777682540452,0.11629331573732751,0.17181531996639077,0.19792821334003027,0.2100448985718187,0.18124047555877343,0.545123767418248,0.05501387013718645,0.020445780036507325,0.16219949840699666,0.21721708400038592,0.21452001769394644,0.7242609803474636,0.06121900195783274
file_04.csv,536.2095343620947,39.77783250257456,4.070135315973113,0.6566880130545567,9523329.898334136,180916530182.58432,0.0,0.0,0.6138961032671588,166.56628723047803,1.5887932755764191,431.0817346471192,2.309113785619885,626.5237847519564,0.8047910972509345,0.4839271507733913,7196846251971.377,694.5168671297114,26.121625789732654,0.9402064685084217,8,0.12267777682540452,0.11629331573732751,0.17181531996639077,0.19792821334003027,0.2100448985718187,0.18124047555877343,0.545123767418248,0.05501387013718645,0.020445780036507325,0.16219949840699666,0.21721708400038592,0.21452001769394644,0.7242609803474636,0.06121900195783274
file_05.csv,536.7487358822428,31.659204163356456,4.047645180230025,0.6726911426201756,6977562.238323486,132554092183.12381,0.0,0.0,0.6569985051085818,247.2351975488427,1.0683233237476817,402.02089645415884,1.825193362990802,686.8387647081316,1.566356462070031,0.25566806218439664,4196777971181.3545,732.4662496202784,21.296866223093676,0.9402064685084217,7,0.12267777682540452,0.11629331573732751,0.17181531996639077,0.19792821334003027,0.2100448985718187,0.18124047555877343,0.545123767418248,0.05501387013718645,0.020445780036507325,0.16219949840699666,0.21721708400038592,0.21452001769394644,0.7242609803474636,0.06121900195783274
file_06.csv,535.8992921613627,28.728897532927302,3.572412919908766,0.6459716658200183,87037.64586296426,1653470882.8075974,0.0,0.0,0.6482012250097171,294.679682259922,1.0585705330276611,481.23825794625924,2.2400521791377033,1018.3533120969478,0.42693537385676666,0.20835912299159032,47504896061.46782,968.693664550467,18.558053796517665,0.9402064685084217,6,0.12267777682540452,0.11629331573732751,0.17181531996639077,0.19792821334003027,0.2100448985718187,0.18124047555877343,0.545123767418248,0.05501387013718645,0.020445780036507325,0.16219949840699666,0.21721708400038592,0.21452001769394644,0.7242609803474636,0.06121900195783274
file_07.csv,536.5514298881735,30.652423997839072,3.433765675046933,0.6302084175222413,11093496.354226163,210745284417.85306,0.0,0.0,0.6067088299306571,313.06453541273174,1.418997877992138,732.2094050881614,4.088380792866298,2109.623216881994,1.955980419782291,0.11449008136804167,6460193856075.088,1790.9468395548934,19.317415620898934,0.9402064685084217,15,0.12267777682540452,0.11629331573732751,0.17181531996639077,0.19792821334003027,0.2100448985718187,0.18124047555877343,0.545123767418248,0.05501387013718645,0.020445780036507325,0.16219949840699666,0.21721708400038592,0.21452001769394644,0.7242609803474636,0.06121900195783274
file_08.csv,536.1431061240706,44.84107959548568,3.3804546735890755,0.672338664242397,22897.03203887625,434979301.3014504,0.0,0.0,2.9476863881651294,1262.0498240145232,1.5060611869263953,644.8190226568576,1.9365640512822941,829.1385168810422,0.5376820535392762,4.212921421706236,19505968199.68324,990.9986432829215,30.148391558415845,0.9402064685084217,16,0.12267777682540452,0.11629331573732751,0.17181531996639077,0.19792821334003027,0.2100448985718187,0.18124047555877343,0.545123767418248,0.05501387013718645,0.020445780036507325,0.16219949840699666,0.21721708400038592,0.21452001769394644,0.7242609803474636,0.06121900195783274
file_09.csv,536.2212110024323,34.555106665404786,3.4902876194937966,0.7409781419703099,1314332.2204093426,24968622025.0412,0.0,0.0,0.6256108506367608,280.73682344344655,0.9417324461444905,422.59333449082607,0.9559637021444984,428.9794730927801,1.07577666695881,0.6209482168171314,862838814253.544,630.9968367157406,25.60457873251751,0.9402064685084217,9,0.12267777682540452,0.11629331573732751,0.17181531996639077,0.19792821334003027,0.2100448985718187,0.18124047555877343,0.545123767418248,0.05501387013718645,0.020445780036507325,0.16219949840699666,0.21721708400038592,0.21452001769394644,0.7242609803474636,0.06121900195783274
file_10.csv,535.9961304521883,36.118198829232455,3.439983564593709,0.6043742478798741,2629718.1834510635,49957262222.72994,0.0,0.0,0.5651970643695142,263.9469278351557,2.0596520414795885,961.8571344923408,1.937550591007072,904.8357789897459,0.35740475517658066,0.23680988294901428,1804461310608.878,1128.181125608427,21.828909252193117,0.9402064685084217,10,0.12267777682540452,0.11629331573732751,0.17181531996639077,0.19792821334003027,0.2100448985718187,0.18124047555877343,0.545123767418248,0.05501387013718645,0.020445780036507325,0.16219949840699666,0.21721708400038592,0.21452001769394644,0.7242609803474636,0.06121900195783274
file_11.csv,536.1302563785072,30.05045254916395,3.6822817846624027,0.673697013615099,229067.59185557917,4351641091.396027,0.0,0.0,0.6433393856219161,326.5342414391567,1.9836282915505576,1006.8131595154218,4.24132676609824,2152.733765747391,0.3721722600586643,0.19854989765539613,130775667712.78793,2128.5773279263253,20.244900140153995,0.9402064685084217,11,0.12267777682540452,0.11629331573732751,0.17181531996639077,0.19792821334003027,0.2100448985718187,0.18124047555877343,0.545123767418248,0.05501387013718645,0.020445780036507325,0.16219949840699666,0.21721708400038592,0.21452001769394644,0.7242609803474636,0.06121900195783274
file_12.csv,536.4992085315743,31.365484503660213,3.7762693354052286,0.654614417036825,1759889.757542951,33432964275.048325,0.0,0.0,0.6056295760655159,288.3301626522677,1.3550401388217974,645.1120603538278,5.890515535683389,2804.3764202255043,0.8083350359260297,0.1991407664194644,1048696322675.3721,2258.084890789683,20.5322983534411,0.9402064685084217,12,0.12267777682540452,0.11629331573732751,0.17181531996639077,0.19792821334003027,0.2100448985718187,0.18124047555877343,0.545123767418248,0.05501387013718645,0.020445780036507325,0.16219949840699666,0.21721708400038592,0.21452001769394644,0.7242609803474636,0.06121900195783274
file_13.csv,535.9674515472811,34.30782851267689,3.582392245163499,0.6761463452655481,575204.7894798598,10927276024.10242,0.0,0.0,0.6014302707779134,272.38527109346376,1.2959058302208315,586.9103668821589,8.3621886637902,3787.200506511035,0.4809381446831451,0.08998923866672646,374910845972.8688,2957.5390808311026,23.197112862843642,0.9402064685084217,13,0.12267777682540452,0.11629331573732751,0.17181531996639077,0.19792821334003027,0.2100448985718187,0.18124047555877343,0.545123767418248,0.05501387013718645,0.020445780036507325,0.16219949840699666,0.21721708400038592,0.21452001769394644,0.7242609803474636,0.06121900195783274
file_14.csv,537.9967105720383,42.273896468365216,4.000630728504961,0.7556429916597,98648.90942623689,1874052290.102337,0.0,0.0,1.3140955280435132,407.8485513935618,1.5773775876622427,489.561946144462,17.69768353772486,5492.732027350575,0.44717640181116214,0.11560582315731148,79227662761.87273,4520.478515119584,31.943973596467917,0.9402064685084217,14,0.12267777682540452,0.11629331573732751,0.17181531996639077,0.19792821334003027,0.2100448985718187,0.18124047555877343,0.545123767418248,0.05501387013718645,0.020445780036507325,0.16219949840699666,0.21721708400038592,0.21452001769394644,0.7242609803474636,0.06121900195783274
file_15.csv,536.8088925966616,35.60252967732716,3.0064783690523216,0.4649652687414469,10741.543115761586,204059140.99163246,0.0,0.0,0.9047064954416694,386.9558251657317,1.2277848952250725,525.1410481206955,1.841252383026683,787.5298108306741,0.8170143713102921,0.3310733092803381,7265404049.192041,610.3463587013895,16.553939779293763,0.9402064685084217,31,0.12267777682540452,0.11629331573732751,0.17181531996639077,0.19792821334003027,0.2100448985718187,0.18124047555877343,0.545123767418248,0.05501387013718645,0.020445780036507325,0.16219949840699666,0.21721708400038592,0.21452001769394644,0.7242609803474636,0.06121900195783274
file_16.csv,536.6595462856596,27.775432057799414,3.6302990000600297,0.6702573350770974,34951.35520757189,663977598.0682632,0.0,0.0,0.4858629751168402,210.5850492923925,1.2570484692918986,544.8359464005305,2.4200289677923044,1048.9005039929343,0.769608874174714,0.17497850780480836,18443235452.03779,1068.2135460559564,18.616687071675614,0.9402064685084217,32,0.12267777682540452,0.11629331573732751,0.17181531996639077,0.19792821334003027,0.2100448985718187,0.18124047555877343,0.545123767418248,0.05501387013718645,0.020445780036507325,0.16219949840699666,0.21721708400038592,0.21452001769394644,0.7242609803474636,0.06121900195783274
file_17.csv,536.5285990596981,32.537014853591224,4.0179545932310505,0.6273875783342454,2644471.1786908465,50237527710.92464,0.0,0.0,0.5103667906444829,215.12715673098975,1.7185509126749046,724.3946477676178,2.8645829904327593,1207.4641321657423,0.819320627982982,0.14967525559348818,1634665228536.0764,1212.0242016261407,20.41331895521997,0.9402064685084217,17,0.12267777682540452,0.11629331573732751,0.17181531996639077,0.19792821334003027,0.2100448985718187,0.18124047555877343,0.545123767418248,0.05501387013718645,0.020445780036507325,0.16219949840699666,0.21721708400038592,0.21452001769394644,0.7242609803474636,0.06121900195783274
file_18.csv,536.2589733572324,32.21039553879331,3.6136930101361986,0.6271368867005519,13067729.209412038,248250165775.6532,0.0,0.0,0.6384042972764286,296.3929884690846,0.9849932317844041,457.3043897666455,2.5623557276295914,1189.6290091922158,1.892453541997891,0.1655196010833386,7996656948931.428,1032.8526844262183,20.20032717759218,0.9402064685084217,18,0.12267777682540452,0.11629331573732751,0.17181531996639077,0.19792821334003027,0.2100448985718187,0.18124047555877343,0.545123767418248,0.05501387013718645,0.020445780036507325,0.16219949840699666,0.21721708400038592,0.21452001769394644,0.7242609803474636,0.06121900195783274
file_19.csv,536.5148744112322,33.63610391953486,3.5955594933764137,0.6400365640562677,7755187.898352325,147326796448.78525,0.0,0.0,0.607765292254089,239.35206136762898,1.7512438026595154,689.680407002577,1.957018082732548,770.7190887760158,1.1469010603372958,0.21406714966473292,4955760289789.564,934.7090754276364,21.528336380898654,0.9402064685084217,19,0.12267777682540452,0.11629331573732751,0.17181531996639077,0.19792821334003027,0.2100448985718187,0.18124047555877343,0.545123767418248,0.05501387013718645,0.020445780036507325,0.16219949840699666,0.21721708400038592,0.21452001769394644,0.7242609803474636,0.06121900195783274
file_20.csv,536.6310734858885,39.610396664843634,3.5897240946420674,0.5921679770452055,2786199.831440932,52929974193.53934,0.0,0.0,0.5290546467098906,248.22485090177784,1.2037270277704823,564.7714538619556,1.8838848615609933,883.8917525537194,0.731461880360233,0.24405083033730865,2096687635746.5413,857.8519603629912,23.45600846297861,0.9402064685084217,20,0.12267777682540452,0.11629331573732751,0.17181531996639077,0.19792821334003027,0.2100448985718187,0.18124047555877343,0.545123767418248,0.05501387013718645,0.020445780036507325,0.16219949840699666,0.21721708400038592,0.21452001769394644,0.7242609803474636,0.06121900195783274
file_21.csv,536.5198130645279,30.782575713826553,3.6618707717300403,0.658026245340644,1405636.716921473,26703151110.22588,0.0,0.0,2.0137587564377784,1139.7791724497522,1.3844799072911789,783.6099324017549,0.8423665591873303,476.77600738445074,0.5033702613317161,1.1297237980568264,822035039966.9446,829.367027637656,20.255742718883383,0.9402064685084217,21,0.12267777682540452,0.11629331573732751,0.17181531996639077,0.19792821334003027,0.2100448985718187,0.18124047555877343,0.545123767418248,0.05501387013718645,0.020445780036507325,0.16219949840699666,0.21721708400038592,0.21452001769394644,0.7242609803474636,0.06121900195783274
file_22.csv,535.7893332443043,34.21084994135641,3.4525798079026093,0.6260966585288779,125160.78967150096,2377703579.4317884,0.0,0.0,0.5705297320690721,259.08046869927455,1.6250400014631055,737.9389742008401,2.2710894820457415,1031.3133468654503,0.48219540876862305,0.18598253003811452,81347542217.9609,1107.7229663140656,21.419298833716105,0.9402064685084217,22,0.12267777682540452,0.11629331573732751,0.17181531996639077,0.19792821334003027,0.2100448985718187,0.18124047555877343,0.545123767418248,0.05501387013718645,0.020445780036507325,0.16219949840699666,0.21721708400038592,0.21452001769394644,0.7242609803474636,0.06121900195783274
file_23.csv,536.1238014014027,31.046996344188116,3.9776382016227103,0.779376273525826,1857351.5365009122,35284464440.07123,0.0,0.0,0.6681388589524908,181.54705216529106,1.4904270917779385,404.9796555820633,8.308348182787887,2257.548862391864,0.9037558773817812,0.13727690107969934,1095534303663.8905,2075.1115544947597,24.197292314903276,0.9402064685084217,23,0.12267777682540452,0.11629331573732751,0.17181531996639077,0.19792821334003027,0.2100448985718187,0.18124047555877343,0.545123767418248,0.05501387013718645,0.020445780036507325,0.16219949840699666,0.21721708400038592,0.21452001769394644,0.7242609803474636,0.06121900195783274
file_24.csv,536.0643599269058,43.037125773465746,4.0911265654790485,0.7022950621250369,550472.3737066264,10457429563.124615,0.0,0.0,0.6816108736652935,190.86107967578033,1.7886986989058002,500.8619698978956,7.8343329607827865,2193.728570370212,0.4678177876299794,0.14263957742042002,450081402124.135,1892.3976308791273,30.224760918759152,0.9402064685084217,24,0.12267777682540452,0.11629331573732751,0.17181531996639077,0.19792821334003027,0.2100448985718187,0.18124047555877343,0.545123767418248,0.05501387013718645,0.020445780036507325,0.16219949840699666,0.21721708400038592,0.21452001769394644,0.7242609803474636,0.06121900195783274
file_25.csv,536.7181406814398,25.949036299476607,3.9631455446821064,0.7126343061682544,4950816.53118461,94051614074.09227,0.0,0.0,0.8215828972319492,416.5580566166403,1.3434685158113302,681.1639287496199,5.570666956782882,2824.4334313605923,2.1391811084142387,0.07855796293088868,2440677216550.865,2498.2089424274054,18.492173479012358,0.9402064685084217,25,0.12267777682540452,0.11629331573732751,0.17181531996639077,0.19792821334003027,0.2100448985718187,0.18124047555877343,0.545123767418248,0.05501387013718645,0.020445780036507325,0.16219949840699666,0.21721708400038592,0.21452001769394644,0.7242609803474636,0.06121900195783274
file_26.csv,536.2029123750282,28.248448425665586,4.075609844332392,0.6407129725525139,473127.91743737645,8988102048.46407,0.0,0.0,0.6447853856602783,284.6285224214658,1.334144049542733,588.9330899301932,1.833104183735137,809.1897658735685,0.4489590286599127,0.2543235581383366,253913302290.23093,895.795450935638,18.09914736080458,0.9402064685084217,26,0.12267777682540452,0.11629331573732751,0.17181531996639077,0.19792821334003027,0.2100448985718187,0.18124047555877343,0.545123767418248,0.05501387013718645,0.020445780036507325,0.16219949840699666,0.21721708400038592,0.21452001769394644,0.7242609803474636,0.06121900195783274
file_27.csv,536.4185076336626,29.717311942177705,3.79972443661911,0.6883765535345738,1629431.893879237,30954631141.58453,0.0,0.0,0.6503629533441365,339.80323218302664,1.2056264547094515,629.9186692739814,7.819143975886005,4085.365536656856,1.2268411857352457,0.09823889940988303,919936852025.3948,3245.89109061468,20.45670077506812,0.9402064685084217,27,0.12267777682540452,0.11629331573732751,0.17181531996639077,0.19792821334003027,0.2100448985718187,0.18124047555877343,0.545123767418248,0.05501387013718645,0.020445780036507325,0.16219949840699666,0.21721708400038592,0.21452001769394644,0.7242609803474636,0.06121900195783274
file_28.csv,535.9429818189765,32.045174168542225,3.907331190243887,0.6140926381209364,776813.0261074558,14757266481.474014,0.0,0.0,0.5051425978162097,222.0479515341105,1.1476614011036497,504.48301978791267,2.318096803090691,1018.9769162396718,0.5466602832983283,0.1835073383089071,472924067759.1431,935.5455311867323,19.67870554420498,0.9402064685084217,28,0.12267777682540452,0.11629331573732751,0.17181531996639077,0.19792821334003027,0.2100448985718187,0.18124047555877343,0.545123767418248,0.05501387013718645,0.020445780036507325,0.16219949840699666,0.21721708400038592,0.21452001769394644,0.7242609803474636,0.06121900195783274
file_29.csv,536.5832466120291,25.159533795284506,3.748235447538818,0.747538191255479,1644309.7464823693,31237268569.40777,0.0,0.0,2.8026609496156762,1232.387461374931,6.090385535517463,2678.0673452278306,1.26226402718968,555.0433634387716,0.17919585202524535,0.7467883877051296,785956484311.0298,2416.8737312853523,18.807712386158077,0.9402064685084217,29,0.12267777682540452,0.11629331573732751,0.17181531996639077,0.19792821334003027,0.2100448985718187,0.18124047555877343,0.545123767418248,0.05501387013718645,0.020445780036507325,0.16219949840699666,0.21721708400038592,0.21452001769394644,0.7242609803474636,0.06121900195783274
file_30.csv,536.2329988352452,29.153596228327604,3.5357543783563874,0.6836654327106779,1285106.1792122447,24413409297.897934,0.0,0.0,0.912244341263373,497.08416979219265,1.3043228992736826,710.728733738692,10.268578692452127,5595.373611432132,0.743726336695566,0.07723454882765135,711776142694.4745,4311.264188529032,19.93130598051198,0.9402064685084217,30,0.12267777682540452,0.11629331573732751,0.17181531996639077,0.19792821334003027,0.2100448985718187,0.18124047555877343,0.545123767418248,0.05501387013718645,0.020445780036507325,0.16219949840699666,0.21721708400038592,0.21452001769394644,0.7242609803474636,0.06121900195783274
file_31.csv,536.0430559195705,35.093494802269596,3.571255450566356,0.572635197715206,399151.81165866816,7582763735.260442,0.0,0.0,0.4993790026297587,218.39307228394256,1.3837627735744786,605.1600124187344,1.9570028497284628,855.8546966731449,0.5561733924181529,0.2696222099714714,266119687362.22845,836.6284468056524,20.095770334615203,0.9402064685084217,34,0.12267777682540452,0.11629331573732751,0.17181531996639077,0.19792821334003027,0.2100448985718187,0.18124047555877343,0.545123767418248,0.05501387013718645,0.020445780036507325,0.16219949840699666,0.21721708400038592,0.21452001769394644,0.7242609803474636,0.06121900195783274
file_32.csv,536.4717389752524,37.180018918135154,3.5132424162445415,0.5892384630694701,51344.049719698996,975392769.6417434,0.0,0.0,0.41198530678553047,175.5250254770542,1.2683646512359628,540.3827128191322,1.9691210031340227,838.9377207144635,0.9936651307520209,0.2598819848523089,36267030600.63218,812.7486523356512,21.907897204215782,0.9402064685084217,33,0.12267777682540452,0.11629331573732751,0.17181531996639077,0.19792821334003027,0.2100448985718187,0.18124047555877343,0.545123767418248,0.05501387013718645,0.020445780036507325,0.16219949840699666,0.21721708400038592,0.21452001769394644,0.7242609803474636,0.06121900195783274
file_33.csv,536.7002221442057,50.411249463968005,3.5283070029203514,0.646546134357185,6702898.73980612,127336256860.56218,0.0,0.0,0.5318309410679247,204.51740397415338,0.8700517440425876,334.5813683902386,0.7014134131492077,269.7309225406742,1.1915033541168316,0.8831369925291369,6419517711906.212,390.7157756459162,32.593198469044225,0.9402064685084217,35,0.12267777682540452,0.11629331573732751,0.17181531996639077,0.19792821334003027,0.2100448985718187,0.18124047555877343,0.545123767418248,0.05501387013718645,0.020445780036507325,0.16219949840699666,0.21721708400038592,0.21452001769394644,0.7242609803474636,0.06121900195783274
file_34.csv,536.2748626748782,24.302721583229552,3.8001537079583945,0.7879529708576423,542422.3208065642,10304501159.717749,0.0,0.0,0.5641763843933799,242.98603340833472,0.7317684790446448,315.16654190957445,0.5018858947374121,216.1580423416031,1.1599827784930559,1.1718846265219938,250440605077.32956,418.65878465041703,19.149401671431868,0.9402064685084217,36,0.12267777682540452,0.11629331573732751,0.17181531996639077,0.19792821334003027,0.2100448985718187,0.18124047555877343,0.545123767418248,0.05501387013718645,0.020445780036507325,0.16219949840699666,0.21721708400038592,0.21452001769394644,0.7242609803474636,0.06121900195783274
file_35.csv,535.9699802697972,25.519210824657304,3.540724307181125,0.6983280098458587,4978217.00936113,94572146228.8348,0.0,0.0,0.5735230082014471,323.9832257119812,0.7905472573963895,446.58025374124117,1.2212527986078947,689.8858728328381,0.73537508748933,0.7002600252284471,2413533577923.3467,793.6261284277085,17.82077970801983,0.9402064685084217,39,0.12267777682540452,0.11629331573732751,0.17181531996639077,0.19792821334003027,0.2100448985718187,0.18124047555877343,0.545123767418248,0.05501387013718645,0.020445780036507325,0.16219949840699666,0.21721708400038592,0.21452001769394644,0.7242609803474636,0.06121900195783274
file_36.csv,536.3184757616539,35.64658514312889,3.4557509675908364,0.5577035136828822,22829.379248190722,433694088.86329633,0.0,0.0,0.5526821681074039,237.1825924039475,1.1829024607214786,507.64053625194293,2.385487516116581,1023.7278238183212,0.5444302067204405,0.21169084901441604,15460527054.148335,854.0495151539794,19.880225785119006,0.9402064685084217,40,0.12267777682540452,0.11629331573732751,0.17181531996639077,0.19792821334003027,0.2100448985718187,0.18124047555877343,0.545123767418248,0.05501387013718645,0.020445780036507325,0.16219949840699666,0.21721708400038592,0.21452001769394644,0.7242609803474636,0.06121900195783274
file_37.csv,537.3435214459734,25.003831533864926,3.4470164925048388,0.7143745973655006,11168.553880500973,212171145.65458047,0.0,0.0,0.8991236012866575,553.3985314528823,1.0668049477078518,656.6041538264254,0.7347085417416659,452.20326489472177,0.7320649570802692,2.028606647074344,5305370838.933952,792.1038533047996,17.862102084599563,0.9402064685084217,37,0.12267777682540452,0.11629331573732751,0.17181531996639077,0.19792821334003027,0.2100448985718187,0.18124047555877343,0.545123767418248,0.05501387013718645,0.020445780036507325,0.16219949840699666,0.21721708400038592,0.21452001769394644,0.7242609803474636,0.06121900195783274
file_38.csv,536.2381289411259,30.8483143945587,3.5631766245238743,0.6950518127716443,5242388.248736003,99590658085.76685,0.0,0.0,0.7369004424098635,361.66475234371325,0.6621313584201155,324.96869316415024,3.6076480620798073,1770.6043690901522,3.8274792338500414,0.10872173297271105,3072365650231.6104,1456.5318557152787,21.441176840887632,0.9402064685084217,38,0.12267777682540452,0.11629331573732751,0.17181531996639077,0.19792821334003027,0.2100448985718187,0.18124047555877343,0.545123767418248,0.05501387013718645,0.020445780036507325,0.16219949840699666,0.21721708400038592,0.21452001769394644,0.7242609803474636,0.06121900195783274
file_39.csv,536.641746207114,35.484883119075356,3.439822107445707,0.5861233135901545,2031100.4229072302,38585205461.793724,0.0,0.0,0.6617766468301055,332.2985741519707,1.1467452664659712,575.8163555444893,4.22946795052763,2123.747001520593,0.8676101980498339,0.21305199737337246,1369263579298.3682,1582.2770200895475,20.798517276111784,0.9402064685084217,47,0.12267777682540452,0.11629331573732751,0.17181531996639077,0.19792821334003027,0.2100448985718187,0.18124047555877343,0.545123767418248,0.05501387013718645,0.020445780036507325,0.16219949840699666,0.21721708400038592,0.21452001769394644,0.7242609803474636,0.06121900195783274
file_40.csv,534.9760204845661,32.310196877715484,3.8493298113768204,0.7459280798770278,385887.0425211161,7330770363.485617,0.0,0.0,0.5773142794397643,267.9352375074661,1.112898955489841,516.5035000525974,1.0524660779915354,488.45621634175404,0.8212564642774427,0.3480859522341575,236871101795.8586,749.627671603801,24.10108311744305,0.9402064685084217,48,0.12267777682540452,0.11629331573732751,0.17181531996639077,0.19792821334003027,0.2100448985718187,0.18124047555877343,0.545123767418248,0.05501387013718645,0.020445780036507325,0.16219949840699666,0.21721708400038592,0.21452001769394644,0.7242609803474636,0.06121900195783274
file_41.csv,536.1097977186797,33.399816474309254,3.5381055568033766,0.6430459961330826,8629553.99691342,163937297436.12433,0.0,0.0,0.588996374290103,260.23996778087576,1.0905009237898309,481.82287304251315,2.3104878091575474,1020.8573418435215,1.306026981651051,0.18549251505951486,5475763873180.554,966.2924956508648,21.477618255384336,0.9402064685084217,41,0.12267777682540452,0.11629331573732751,0.17181531996639077,0.19792821334003027,0.2100448985718187,0.18124047555877343,0.545123767418248,0.05501387013718645,0.020445780036507325,0.16219949840699666,0.21721708400038592,0.21452001769394644,0.7242609803474636,0.06121900195783274
file_42.csv,535.8386099052541,30.76787273604694,3.973271654104572,0.7235604378276713,6122689.399772056,116313908406.72415,0.0,0.0,0.5578921291389481,150.52093373357332,1.4653620663090472,395.35898600867654,1.5821644761384546,426.8726189702829,0.6203242864708624,0.5816513650469367,3578919913418.5635,594.9342600943248,22.262415467920196,0.9402064685084217,42,0.12267777682540452,0.11629331573732751,0.17181531996639077,0.19792821334003027,0.2100448985718187,0.18124047555877343,0.545123767418248,0.05501387013718645,0.020445780036507325,0.16219949840699666,0.21721708400038592,0.21452001769394644,0.7242609803474636,0.06121900195783274
file_43.csv,536.1001831773615,34.595733375463844,3.6871086179495194,0.6535187770215984,10489930.358532632,199279225081.69397,0.0,0.0,0.5445557118407978,218.9327357438439,1.2146883573753358,488.3523198341274,5.7021238794019675,2292.4772494769836,2.0665942781412467,0.06527776572446153,6894573845029.143,1817.3243392416955,22.608961365698427,0.9402064685084217,43,0.12267777682540452,0.11629331573732751,0.17181531996639077,0.19792821334003027,0.2100448985718187,0.18124047555877343,0.545123767418248,0.05501387013718645,0.020445780036507325,0.16219949840699666,0.21721708400038592,0.21452001769394644,0.7242609803474636,0.06121900195783274
file_44.csv,537.2668847817076,28.546487313129095,4.030277602649939,0.7291841677178298,840292.0944768317,15963190555.247522,0.0,0.0,0.9232475023405333,499.21732338623156,1.1063665531788058,598.2332451068531,0.588206076546357,318.05411050511697,1.1545369742289664,0.8999156228461628,455717004050.04987,668.1422327922855,20.815646592691625,0.9402064685084217,44,0.12267777682540452,0.11629331573732751,0.17181531996639077,0.19792821334003027,0.2100448985718187,0.18124047555877343,0.545123767418248,0.05501387013718645,0.020445780036507325,0.16219949840699666,0.21721708400038592,0.21452001769394644,0.7242609803474636,0.06121900195783274
file_45.csv,536.1699473937329,30.972317615549624,3.6004334046707505,0.6622387985247582,3002336.6967944126,57035967805.64644,0.0,0.0,0.6600475745765183,340.10218740920266,1.0542025081385895,543.198085714104,8.233942398371344,4242.696933602361,0.8223131696329314,0.11840919720217247,1766629099712.5063,3169.405367457761,20.511070405248788,0.9402064685084217,45,0.12267777682540452,0.11629331573732751,0.17181531996639077,0.19792821334003027,0.2100448985718187,0.18124047555877343,0.545123767418248,0.05501387013718645,0.020445780036507325,0.16219949840699666,0.21721708400038592,0.21452001769394644,0.7242609803474636,0.06121900195783274
file_46.csv,535.915242957124,29.609999698680465,3.6087353888083618,0.6555218348604027,123423.94037223552,2344708319.756255,0.0,0.0,0.7373799278094418,328.94710429838085,1.0737936236480936,479.0221292874511,2.94485674278486,1313.7082548346493,0.5292111077724517,0.155610252246085,69430467224.31354,1175.173910809714,19.41000133269499,0.9402064685084217,46,0.12267777682540452,0.11629331573732751,0.17181531996639077,0.19792821334003027,0.2100448985718187,0.18124047555877343,0.545123767418248,0.05501387013718645,0.020445780036507325,0.16219949840699666,0.21721708400038592,0.21452001769394644,0.7242609803474636,0.06121900195783274
file_47.csv,535.9654032035588,34.607742489984446,3.4363960819024384,0.5286404283450159,508.141637375182,9653244.645565284,0.0,0.0,0.5712653010892449,250.63732607634742,1.3452752566922141,590.2269795331639,2.172784967280978,953.2891518175933,0.45953308155336436,0.2027101243512936,334094590.52147925,815.9650288347061,18.295051813959386,0.9402064685084217,50,0.12267777682540452,0.11629331573732751,0.17181531996639077,0.19792821334003027,0.2100448985718187,0.18124047555877343,0.545123767418248,0.05501387013718645,0.020445780036507325,0.16219949840699666,0.21721708400038592,0.21452001769394644,0.7242609803474636,0.06121900195783274
file_48.csv,535.7007190474149,30.959780279847816,3.4157478546154603,0.6413623334754877,607338.2517268724,11537721588.633442,0.0,0.0,0.42001922483769566,205.2034526297478,1.4872793902768389,726.6211827037375,1.8201899699637842,889.2670720558979,0.5061468184623419,0.26954760528674854,357224128372.97705,1036.369861708273,19.856436924171582,0.9402064685084217,49,0.12267777682540452,0.11629331573732751,0.17181531996639077,0.19792821334003027,0.2100448985718187,0.18124047555877343,0.545123767418248,0.05501387013718645,0.020445780036507325,0.16219949840699666,0.21721708400038592,0.21452001769394644,0.7242609803474636,0.06121900195783274
file_49.csv,535.994117300575,39.57137516412917,3.793070978700062,0.7378497517519919,5897248.992775846,112031173624.03033,0.0,0.0,0.6832384796903613,191.63284113575656,1.6816768148149968,471.6720668911612,3.063742741972997,859.3100997757242,1.0350745801951406,0.31538599852232735,4433460963806.526,982.0648612614897,29.197729341337645,0.9402064685084217,52,0.12267777682540452,0.11629331573732751,0.17181531996639077,0.19792821334003027,0.2100448985718187,0.18124047555877343,0.545123767418248,0.05501387013718645,0.020445780036507325,0.16219949840699666,0.21721708400038592,0.21452001769394644,0.7242609803474636,0.06121900195783274
file_50.csv,535.9555252070704,43.4589092982654,3.329891186877404,0.5573219939859959,1105579.5958744509,21002908255.753613,0.0,0.0,0.5224735135114104,247.0133372905636,1.7700236026133975,836.8260320531123,5.233143846861112,2474.108816439574,0.35502180103523134,0.22831336035083583,912811532169.9648,1845.2568117196652,24.220605986565808,0.9402064685084217,51,0.12267777682540452,0.11629331573732751,0.17181531996639077,0.19792821334003027,0.2100448985718187,0.18124047555877343,0.545123767418248,0.05501387013718645,0.020445780036507325,0.16219949840699666,0.21721708400038592,0.21452001769394644,0.7242609803474636,0.06121900195783274
file_51.csv,536.1058110402693,43.62188045855632,4.191766305142646,0.8078499178455103,10562.446089287145,200656799.63599277,0.0,0.0,0.7949470452913894,160.59615282957662,2.0732991752533003,418.8503790065232,1.4072660074765997,284.297561890728,1.0463215898954425,0.6540422450444044,8753487680.678421,568.038006287084,35.239932544711394,1.0,53,0.12267777682540452,0.11629331573732751,0.17181531996639077,0.19792821334003027,0.2100448985718187,0.18124047555877343,0.545123767418248,0.05501387013718645,0.020445780036507325,0.16219949840699666,0.21721708400038592,0.21452001769394644,0.7242609803474636,0.06121900195783274
file_52.csv,536.4754938800517,40.47737481414844,3.417473430871519,0.6313742469969551,1544145.6832000394,29334432589.206726,0.0,0.0,0.6928280497961536,292.75118331707796,1.1285046791377107,476.84426214213926,3.590981997080075,1517.3522914160628,0.9736851979633159,0.33616216539286214,1187443325837.278,1259.084347366733,25.556372043696488,0.5703295506110511,4,0.12267777682540452,0.11629331573732751,0.17181531996639077,0.19792821334003027,0.2100448985718187,0.18124047555877343,0.545123767418248,0.05501387013718645,0.020445780036507325,0.16219949840699666,0.21721708400038592,0.21452001769394644,0.7242609803474636,0.06121900195783274
file_53.csv,536.1370881866128,33.62409741288906,3.5371183932213555,0.6717590360202503,649235.3139020585,12333648138.029696,0.0,0.0,0.6589505737006709,324.02151606809645,1.793447503476915,881.8803750356931,5.121722546144245,2518.4715978950817,0.39587615411416927,0.26946708925345014,414729616400.84674,2284.2171634655333,22.587291265133345,0.140659101222102,2,0.12267777682540452,0.11629331573732751,0.17181531996639077,0.19792821334003027,0.2100448985718187,0.18124047555877343,0.545123767418248,0.05501387013718645,0.020445780036507325,0.16219949840699666,0.21721708400038592,0.21452001769394644,0.7242609803474636,0.06121900195783274
